ResultID,StudentID,TeacherID,Subject,Exam,Marks,Grade,Percentage,Result,ExamDate
1,1,1,Math,Final,36,F,36,Pass,2026-03-15
2,2,2,Science,Final,72,B+,72,Pass,2026-03-15
3,3,3,English,Final,75,B+,75,Pass,2026-03-15
4,4,4,Hindi,Final,92,A+,92,Pass,2026-03-15
5,5,5,Computer,Final,85,A,85,Pass,2026-03-15
6,6,6,Math,Final,75,B+,75,Pass,2026-03-15
7,7,7,Science,Final,86,A,86,Pass,2026-03-15
8,8,8,English,Final,43,D,43,Pass,2026-03-15
9,9,9,Hindi,Final,43,D,43,Pass,2026-03-15
10,10,10,Computer,Final,75,B+,75,Pass,2026-03-15
11,11,11,Math,Final,93,A+,93,Pass,2026-03-15
12,12,12,Science,Final,49,D,49,Pass,2026-03-15
13,13,13,English,Final,67,B,67,Pass,2026-03-15
14,14,14,Hindi,Final,62,B,62,Pass,2026-03-15
15,15,15,Computer,Final,95,A+,95,Pass,2026-03-15
16,16,16,Math,Final,80,A,80,Pass,2026-03-15
17,17,17,Science,Final,68,B,68,Pass,2026-03-15
18,18,18,English,Final,58,C,58,Pass,2026-03-15
19,19,19,Hindi,Final,61,B,61,Pass,2026-03-15
20,20,20,Computer,Final,74,B+,74,Pass,2026-03-15
21,21,21,Math,Final,60,B,60,Pass,2026-03-15
22,22,22,Science,Final,66,B,66,Pass,2026-03-15
23,23,23,English,Final,81,A,81,Pass,2026-03-15
24,24,24,Hindi,Final,45,D,45,Pass,2026-03-15
25,25,25,Computer,Final,70,B+,70,Pass,2026-03-15
26,26,26,Math,Final,46,D,46,Pass,2026-03-15
27,27,27,Science,Final,92,A+,92,Pass,2026-03-15
28,28,28,English,Final,46,D,46,Pass,2026-03-15
29,29,29,Hindi,Final,78,B+,78,Pass,2026-03-15
30,30,30,Computer,Final,64,B,64,Pass,2026-03-15
31,31,31,Math,Final,84,A,84,Pass,2026-03-15
32,32,32,Science,Final,74,B+,74,Pass,2026-03-15
33,33,33,English,Final,40,D,40,Pass,2026-03-15
34,34,34,Hindi,Final,76,B+,76,Pass,2026-03-15
35,35,35,Computer,Final,58,C,58,Pass,2026-03-15
36,36,36,Math,Final,75,B+,75,Pass,2026-03-15
37,37,37,Science,Final,73,B+,73,Pass,2026-03-15
38,38,38,English,Final,66,B,66,Pass,2026-03-15
39,39,39,Hindi,Final,77,B+,77,Pass,2026-03-15
40,40,40,Computer,Final,47,D,47,Pass,2026-03-15
41,41,41,Math,Final,46,D,46,Pass,2026-03-15
42,42,42,Science,Final,66,B,66,Pass,2026-03-15
43,43,43,English,Final,63,B,63,Pass,2026-03-15
44,44,44,Hindi,Final,37,F,37,Pass,2026-03-15
45,45,45,Computer,Final,66,B,66,Pass,2026-03-15
46,46,46,Math,Final,86,A,86,Pass,2026-03-15
47,47,47,Science,Final,44,D,44,Pass,2026-03-15
48,48,48,English,Final,69,B,69,Pass,2026-03-15
49,49,49,Hindi,Final,44,D,44,Pass,2026-03-15
50,50,50,Computer,Final,44,D,44,Pass,2026-03-15
