StudentID,StudentName,Gender,Class,Section,DOB,City,AdmissionDate,ParentName,Mobile,AttendancePercentage
1,Sneha A,Male,10,B,2/10/2008,Rajkot,6/2/2022,Parent 1,9946142079,71
2,Aisha B,Female,12,A,3/21/2008,Rajkot,6/3/2022,Parent 2,9978786576,65
3,Arjun C,Male,12,A,4/30/2008,Rajkot,6/4/2022,Parent 3,9917532741,63
4,Amit D,Female,10,A,6/9/2008,Indore,6/5/2022,Parent 4,9965485614,90
5,Amit E,Male,10,B,7/19/2008,Vadodara,6/6/2022,Parent 5,9910212701,64
6,Pooja F,Female,12,B,8/28/2008,Rajkot,6/7/2022,Parent 6,9990511200,63
7,Aarav G,Male,9,A,10/7/2008,Indore,6/8/2022,Parent 7,9988445010,76
8,Sai H,Female,8,B,11/16/2008,Ahmedabad,6/9/2022,Parent 8,9919456105,96
9,Aditya I,Male,8,B,12/26/2008,Ahmedabad,6/10/2022,Parent 9,9947741579,82
10,Ishita J,Female,10,A,2/4/2009,Indore,6/11/2022,Parent 10,9934777959,95
11,Priya K,Male,10,A,3/16/2009,Surat,6/12/2022,Parent 11,9931424575,68
12,Ananya L,Female,12,A,4/25/2009,Vadodara,6/13/2022,Parent 12,9997000307,97
13,Zara M,Male,10,B,6/4/2009,Vadodara,6/14/2022,Parent 13,9976638250,77
14,Amit N,Female,8,A,7/14/2009,Vadodara,6/15/2022,Parent 14,9961882816,85
15,Riya O,Male,11,A,8/23/2009,Vadodara,6/16/2022,Parent 15,9924597747,72
16,Ananya P,Female,12,A,10/2/2009,Indore,6/17/2022,Parent 16,9967935826,87
17,Aarav Q,Male,9,A,11/11/2009,Rajkot,6/18/2022,Parent 17,9929657762,84
18,Vivaan R,Female,9,B,12/21/2009,Indore,6/19/2022,Parent 18,9967266010,75
19,Pooja S,Male,9,B,1/30/2010,Surat,6/20/2022,Parent 19,9980316055,68
20,Kabir T,Female,8,B,3/11/2010,Indore,6/21/2022,Parent 20,9953116882,76
21,Aisha U,Male,11,A,4/20/2010,Vadodara,6/22/2022,Parent 21,9926868929,62
22,Krishna V,Female,8,B,5/30/2010,Ahmedabad,6/23/2022,Parent 22,9920260429,76
23,Diya W,Male,10,A,7/9/2010,Rajkot,6/24/2022,Parent 23,9985825060,84
24,Ananya X,Female,9,A,8/18/2010,Indore,6/25/2022,Parent 24,9915089070,97
25,Nikhil Y,Male,9,B,9/27/2010,Surat,6/26/2022,Parent 25,9993612653,79
26,Sneha Z,Female,8,B,11/6/2010,Surat,6/27/2022,Parent 26,9956564275,62
27,Vihaan A,Male,9,B,12/16/2010,Indore,6/28/2022,Parent 27,9936054163,63
28,Amit B,Female,8,B,1/25/2011,Vadodara,6/29/2022,Parent 28,9977660145,66
29,Amit C,Male,8,B,3/6/2011,Indore,6/30/2022,Parent 29,9963999108,71
30,Diya D,Female,8,A,4/15/2011,Surat,7/1/2022,Parent 30,9953988612,90
31,Nikhil E,Male,9,B,5/25/2011,Rajkot,7/2/2022,Parent 31,9938592375,83
32,Ananya F,Female,8,B,7/4/2011,Indore,7/3/2022,Parent 32,9956150740,82
33,Aisha G,Male,12,B,8/13/2011,Indore,7/4/2022,Parent 33,9941492906,98
34,Aditya H,Female,8,A,9/22/2011,Surat,7/5/2022,Parent 34,9932775962,86
35,Sai I,Male,12,A,11/1/2011,Vadodara,7/6/2022,Parent 35,9954591622,64
36,Meera J,Female,12,B,12/11/2011,Vadodara,7/7/2022,Parent 36,9955479889,81
37,Riya K,Male,8,B,1/20/2012,Surat,7/8/2022,Parent 37,9991065162,87
38,Sanya L,Female,11,A,2/29/2012,Indore,7/9/2022,Parent 38,9983976848,84
39,Sanya M,Male,8,B,4/9/2012,Ahmedabad,7/10/2022,Parent 39,9964572784,71
40,Aditya N,Female,11,A,5/19/2012,Surat,7/11/2022,Parent 40,9955754483,71
41,Vihaan O,Male,12,B,6/28/2012,Ahmedabad,7/12/2022,Parent 41,9986608999,67
42,Pooja P,Female,9,A,8/7/2012,Vadodara,7/13/2022,Parent 42,9958974948,85
43,Diya Q,Male,12,A,9/16/2012,Rajkot,7/14/2022,Parent 43,9947202841,76
44,Vihaan R,Female,8,B,10/26/2012,Ahmedabad,7/15/2022,Parent 44,9992366322,84
45,Aisha S,Male,8,A,12/5/2012,Rajkot,7/16/2022,Parent 45,9925448795,92
46,Vivaan T,Female,9,A,1/14/2013,Indore,7/17/2022,Parent 46,9966507487,90
47,Sai U,Male,8,B,2/23/2013,Surat,7/18/2022,Parent 47,9942402882,66
48,Sai V,Female,8,B,4/4/2013,Rajkot,7/19/2022,Parent 48,9982870219,82
49,Diya W,Male,12,B,5/14/2013,Rajkot,7/20/2022,Parent 49,9952206072,70
50,Vihaan X,Female,9,B,6/23/2013,Ahmedabad,7/21/2022,Parent 50,9913659117,83
