TeacherID,TeacherName,Gender,Subject,Department,Qualification,Experience,Email,Mobile,JoiningDate
1,Teacher 1,Male,Math,Math,M.Ed,6,teacher1@school.com,9886397250,2015-01-31
2,Teacher 2,Female,Science,Science,M.Ed,4,teacher2@school.com,9844234785,2015-03-02
3,Teacher 3,Male,English,English,M.Ed,5,teacher3@school.com,9876496171,2015-04-01
4,Teacher 4,Female,Hindi,Hindi,M.Ed,16,teacher4@school.com,9873383683,2015-05-01
5,Teacher 5,Male,Computer,Computer,M.Ed,14,teacher5@school.com,9838179657,2015-05-31
6,Teacher 6,Female,Math,Math,M.Ed,5,teacher6@school.com,9875479012,2015-06-30
7,Teacher 7,Male,Science,Science,M.Ed,2,teacher7@school.com,9862319252,2015-07-30
8,Teacher 8,Female,English,English,M.Ed,15,teacher8@school.com,9891528947,2015-08-29
9,Teacher 9,Male,Hindi,Hindi,M.Ed,2,teacher9@school.com,9869778857,2015-09-28
10,Teacher 10,Female,Computer,Computer,M.Ed,10,teacher10@school.com,9840703945,2015-10-28
11,Teacher 11,Male,Math,Math,M.Ed,20,teacher11@school.com,9823720696,2015-11-27
12,Teacher 12,Female,Science,Science,M.Ed,12,teacher12@school.com,9814105718,2015-12-27
13,Teacher 13,Male,English,English,M.Ed,2,teacher13@school.com,9813415285,2016-01-26
14,Teacher 14,Female,Hindi,Hindi,M.Ed,19,teacher14@school.com,9811235465,2016-02-25
15,Teacher 15,Male,Computer,Computer,M.Ed,14,teacher15@school.com,9839071478,2016-03-26
16,Teacher 16,Female,Math,Math,M.Ed,15,teacher16@school.com,9813897788,2016-04-25
17,Teacher 17,Male,Science,Science,M.Ed,18,teacher17@school.com,9839754951,2016-05-25
18,Teacher 18,Female,English,English,M.Ed,16,teacher18@school.com,9876546792,2016-06-24
19,Teacher 19,Male,Hindi,Hindi,M.Ed,19,teacher19@school.com,9841284065,2016-07-24
20,Teacher 20,Female,Computer,Computer,M.Ed,13,teacher20@school.com,9840986382,2016-08-23
21,Teacher 21,Male,Math,Math,M.Ed,9,teacher21@school.com,9871686932,2016-09-22
22,Teacher 22,Female,Science,Science,M.Ed,11,teacher22@school.com,9812884299,2016-10-22
23,Teacher 23,Male,English,English,M.Ed,15,teacher23@school.com,9884686034,2016-11-21
24,Teacher 24,Female,Hindi,Hindi,M.Ed,5,teacher24@school.com,9834951916,2016-12-21
25,Teacher 25,Male,Computer,Computer,M.Ed,11,teacher25@school.com,9826225575,2017-01-20
26,Teacher 26,Female,Math,Math,M.Ed,12,teacher26@school.com,9877216197,2017-02-19
27,Teacher 27,Male,Science,Science,M.Ed,15,teacher27@school.com,9878144655,2017-03-21
28,Teacher 28,Female,English,English,M.Ed,8,teacher28@school.com,9850717432,2017-04-20
29,Teacher 29,Male,Hindi,Hindi,M.Ed,11,teacher29@school.com,9888863733,2017-05-20
30,Teacher 30,Female,Computer,Computer,M.Ed,17,teacher30@school.com,9877818046,2017-06-19
31,Teacher 31,Male,Math,Math,M.Ed,14,teacher31@school.com,9889054544,2017-07-19
32,Teacher 32,Female,Science,Science,M.Ed,3,teacher32@school.com,9874454973,2017-08-18
33,Teacher 33,Male,English,English,M.Ed,9,teacher33@school.com,9864262629,2017-09-17
34,Teacher 34,Female,Hindi,Hindi,M.Ed,15,teacher34@school.com,9899220365,2017-10-17
35,Teacher 35,Male,Computer,Computer,M.Ed,7,teacher35@school.com,9859274526,2017-11-16
36,Teacher 36,Female,Math,Math,M.Ed,19,teacher36@school.com,9860291788,2017-12-16
37,Teacher 37,Male,Science,Science,M.Ed,4,teacher37@school.com,9868916432,2018-01-15
38,Teacher 38,Female,English,English,M.Ed,18,teacher38@school.com,9824486288,2018-02-14
39,Teacher 39,Male,Hindi,Hindi,M.Ed,7,teacher39@school.com,9879919170,2018-03-16
40,Teacher 40,Female,Computer,Computer,M.Ed,14,teacher40@school.com,9859730710,2018-04-15
41,Teacher 41,Male,Math,Math,M.Ed,17,teacher41@school.com,9813969484,2018-05-15
42,Teacher 42,Female,Science,Science,M.Ed,17,teacher42@school.com,9815836765,2018-06-14
43,Teacher 43,Male,English,English,M.Ed,11,teacher43@school.com,9892518497,2018-07-14
44,Teacher 44,Female,Hindi,Hindi,M.Ed,20,teacher44@school.com,9887601456,2018-08-13
45,Teacher 45,Male,Computer,Computer,M.Ed,14,teacher45@school.com,9896859830,2018-09-12
46,Teacher 46,Female,Math,Math,M.Ed,7,teacher46@school.com,9832628343,2018-10-12
47,Teacher 47,Male,Science,Science,M.Ed,18,teacher47@school.com,9840459014,2018-11-11
48,Teacher 48,Female,English,English,M.Ed,2,teacher48@school.com,9836778633,2018-12-11
49,Teacher 49,Male,Hindi,Hindi,M.Ed,19,teacher49@school.com,9883596743,2019-01-10
50,Teacher 50,Female,Computer,Computer,M.Ed,9,teacher50@school.com,9864285013,2019-02-09
